rose,1
tiktok,1
gg,1
tgif,1
chili,1
weights,1
lightning bolt,1
ice cream cone,1
it's corn,1
enjoy music,1
cat paws,1
mini speaker,1
earth,1
basketball,1
tennis,1
soccer,1
hi july,1
cloud bread,1
heart me,1
finger heart,5
pink shoes,5
anemo slime,5
wide eye wurstie,5
fire,5
mic,5
panda,5
big love,5
cotton's shell,5
chill,5
footbal,5
guacamole,6
taco,9
hand wave,9
nachos,9
cheer you up,9
hi bear,10
stars snap,10
tiny diny,10
lolipop,10
gamepad,10
chicken leg,10
tucker the turkey,10
asmr time,10
pretzel,10
mate tea,10
raccoon,15
golden trumpet,15
perfume,20
cake,20
sushi set,20
doughnut,30
choco strawberries,30
mirror,30
pizza,40
hat and mustache,99
cap,99
paper crane,99
little crown,99
boxing robe,99
guitar,99
star,99
game controller,100
hand hearts,100
hand heart,100
confetti,100
flowers,100
marvelous confetti,100
butterfly,169
music note,169
cowboy hat,199
hearts,199
sunglasses,199
love you,199
garland headpiece,199
crown,199
hanging lights,199
goggles,199
lemond buddy,199
lock and key,199
panther paws,199
knight helmet,199
the passion rose,199
mariachi hat,199
love focus,199
gamer cat,199
chef's kiss,199
mariachi hat,199
fruits hat,199
kite,199
leon's cake,200
tulip box,200
rose bear,214
pancake,250
corgi,299
franktastic,299
elephant trunk,299
superpower,299
duck,299
boxing gloves,299
rock 'n' roll,299
dancing cactus,299
lucy the llama,299
crystal shoe,299
sail away,299
you're sweet,299
gus the groundhog,299
henry the hedgehog,299
pawfect,299
classic breakfast,299
birthday cake,300
air dancer,300
happy friday,399
hydro slime,399
cotton the seal,399
swing,399
necklace,400
coral,499
hands up,499
money gun,500
cuddle with me,500
let's go,500
owl,500
dancing beaver in sunglasses,500
quaterback frank,500
falling for you,500
gem gun,500
cooper skates home,599
swan,699
dance together,699
pinata,699
mocha the monkey,799
pearl,800
train,899
love u,899
travel with you,999
hot air balloon,999
galaxy,1000
gold mine,1000
mirror bloom,1000
dinosaur,1000
watermelon love,1000
disco ball,1000
email message,1000
feather flock,1000
dynamic duo,1000
shiny air balloon,1000
travel in the us,1200
gaming chair,1200
counting sheep,1200
arcade game,1200
bumper cars,1288
paimon suprise,1299
chasing the dream,1500
champion,1500
garland,1500
floral bloom,1500
shooting stars,1580
asmr starter kit,1599
here we go,1799
speedboat,1888
mystery firework,1999
make-up box,1999
star adventures,1999
cooper flies home,1999
rabbit,1999
fall candle,1999
whale diving,2150
lemonade,2199
hu tao,2200
happybaras,2200
concert,2888
motorcycle,2988
mermaid,2988
meteor shower,3000
ferris wheel,3000
show time,3999
giant,3999
cooper swims home,3999
flower overflow,4000
ufo landing,4000
island of love,4000
restaurants,4000
knight,4088
leon the kitten,4888
private jet,4888
signature jet,4888
pool party,4999
draco,5000
dancing adam,5000
unicorn fantasy,5000
cooper's home,5999
valley festival,5999
magic forest,6000
beauty,6999
the observatory,6999
happy party,6999
sports car,7000
party bus,7000
golden gate bridge,7999
yacht,9888
beach house,9999
interstellar,10000
sunset speedway,10000
camping night,13999
leopard,15000
planet,15000
happy train,15000
american eagle,19999
fly love,19999
tiktok shuttle,20000
castle fantasy,20000
premium shuttle,20000
adam's dream,25999
pheonix,25999
dragon flame,26999
lion,29999
sam the whale,30000
zeus,34000
leon and lion,34000
seal and whale,34500
tiktok universe,34999
tiktok universe+,34999
tiktok stars,39999
thunder falcon,39999